rank,shop,shop_url,title,category,sales_count,sales_precision,delta_last,sales_per_day,read_interval_days,history_days,as_of,snapshot_date,source
1,Lamoriea,https://www.etsy.com/shop/Lamoriea,Lamoriea,bags &amp; purses > backpacks,540200,rounded,500,328.299,1.523,3,2026-10-02,2026-10-02,
2,MoonberryHandmade,https://www.etsy.com/shop/MoonberryHandmade,MoonberryHandmade,bags &amp; purses > backpacks,97100,rounded,300,196.85,1.524,3,2026-10-02,2026-10-02,
3,PersonalizationMall,https://www.etsy.com/shop/PersonalizationMall,PersonalizationMall,bags &amp; purses > backpacks,829800,rounded,200,131.839,1.517,3,2026-10-02,2026-10-02,
4,CustomPatchesTX,https://www.etsy.com/shop/CustomPatchesTX,CustomPatchesTX,accessories > patches &amp; appliques,45900,rounded,200,127.714,1.566,3,2026-10-02,2026-10-02,
5,A1GraphicsLtd,https://www.etsy.com/shop/A1GraphicsLtd,A1GraphicsLtd,accessories > aprons,443700,rounded,200,122.026,1.639,3,2026-10-02,2026-10-02,
6,CaSales,https://www.etsy.com/shop/CaSales,CaSales,accessories > hand fans,351000,rounded,200,121.655,1.644,3,2026-10-02,2026-10-02,
7,CradleArtStore,https://www.etsy.com/shop/CradleArtStore,CradleArtStore,accessories > aprons,54000,rounded,200,121.433,1.647,3,2026-10-02,2026-10-02,
8,JoycieLaneDesigns,https://www.etsy.com/shop/JoycieLaneDesigns,JoycieLaneDesigns,home &amp; living > home decor > faux plants &amp; greenery,81600,rounded,100,150.15,0.666,2,2026-10-02,2026-10-02,
9,GetNestly,https://www.etsy.com/shop/GetNestly,GetNestly,pet supplies > pet storage,7900,rounded,100,144.718,0.691,2,2026-10-02,2026-10-02,
10,DexinFloral,https://www.etsy.com/shop/DexinFloral,DexinFloral,home &amp; living > home decor > faux plants &amp; greenery,158500,rounded,100,143.062,0.699,2,2026-10-02,2026-10-02,
11,LovelandGiftandMore,https://www.etsy.com/shop/LovelandGiftandMore,LovelandGiftandMore,kids &amp; baby > games &amp; puzzles,19600,rounded,100,141.243,0.708,2,2026-10-02,2026-10-02,
12,BadgerandBramble,https://www.etsy.com/shop/BadgerandBramble,BadgerandBramble,kids &amp; baby > baby gift sets,34000,rounded,100,139.47,0.717,2,2026-10-02,2026-10-02,
13,LifetimeCreations,https://www.etsy.com/shop/LifetimeCreations,LifetimeCreations,home &amp; living > home decor > mirrors,224500,rounded,100,139.082,0.719,2,2026-10-02,2026-10-02,
14,GiftingKnot,https://www.etsy.com/shop/GiftingKnot,GiftingKnot,home &amp; living > home decor > clocks,14100,rounded,100,134.228,0.745,2,2026-10-02,2026-10-02,
15,SuesseShoppe,https://www.etsy.com/shop/SuesseShoppe,SuesseShoppe,kids &amp; baby > baby gift sets,7300,rounded,100,132.979,0.752,2,2026-10-02,2026-10-02,
16,EnergyGemJewelry,https://www.etsy.com/shop/EnergyGemJewelry,EnergyGemJewelry,jewellery > cremation &amp; memorial jewellery,14700,rounded,100,123.305,0.811,2,2026-10-02,2026-10-02,
17,PeachBlossomAU,https://www.etsy.com/shop/PeachBlossomAU,PeachBlossomAU,pet supplies > pet storage,36100,rounded,100,122.249,0.818,2,2026-10-02,2026-10-02,
18,SwaddleAn,https://www.etsy.com/shop/SwaddleAn,SwaddleAn,kids &amp; baby > baby blankets,17100,rounded,100,118.483,0.844,2,2026-10-02,2026-10-02,
19,MIZUbrand,https://www.etsy.com/shop/MIZUbrand,MIZUbrand,bath &amp; beauty > fragrances,5900,rounded,100,117.371,0.852,2,2026-10-02,2026-10-02,
20,lafabrikludique,https://www.etsy.com/shop/lafabrikludique,lafabrikludique,kids &amp; baby > games &amp; puzzles,3700,rounded,100,116.686,0.857,2,2026-10-02,2026-10-02,
21,FinestraFiorita,https://www.etsy.com/shop/FinestraFiorita,FinestraFiorita,bags &amp; purses > pouches &amp; coin purses,3300,rounded,100,115.34,0.867,2,2026-10-02,2026-10-02,
22,FinerEmbroidery,https://www.etsy.com/shop/FinerEmbroidery,FinerEmbroidery,bags &amp; purses > pouches &amp; coin purses,16000,rounded,100,114.679,0.872,2,2026-10-02,2026-10-02,
23,OrganicCottonMart,https://www.etsy.com/shop/OrganicCottonMart,OrganicCottonMart,bags &amp; purses > market bags,19400,rounded,100,114.286,0.875,2,2026-10-02,2026-10-02,
24,PrettyRobesShop,https://www.etsy.com/shop/PrettyRobesShop,PrettyRobesShop,bags &amp; purses > pouches &amp; coin purses,124000,rounded,100,109.89,0.91,2,2026-10-02,2026-10-02,
25,YuKaLeatherGifts,https://www.etsy.com/shop/YuKaLeatherGifts,YuKaLeatherGifts,bags &amp; purses > pouches &amp; coin purses,10800,rounded,100,109.529,0.913,2,2026-10-02,2026-10-02,
26,JerseyBotanical,https://www.etsy.com/shop/JerseyBotanical,JerseyBotanical,bath &amp; beauty > fragrances,50100,rounded,100,107.991,0.926,2,2026-10-02,2026-10-02,
27,BohoCharmGifts,https://www.etsy.com/shop/BohoCharmGifts,BohoCharmGifts,bags &amp; purses > backpacks,45100,rounded,100,66.181,1.511,3,2026-10-02,2026-10-02,
28,KALAIMPORTSLA,https://www.etsy.com/shop/KALAIMPORTSLA,KALAIMPORTSLA,bags &amp; purses > hip bags,3700,rounded,100,65.488,1.527,3,2026-10-02,2026-10-02,
29,SignatureHandmaGifts,https://www.etsy.com/shop/SignatureHandmaGifts,SignatureHandmaGifts,bags &amp; purses > backpacks,16300,rounded,100,65.189,1.534,3,2026-10-02,2026-10-02,
30,EloryStudio,https://www.etsy.com/shop/EloryStudio,EloryStudio,accessories > patches &amp; appliques,23200,rounded,100,64.185,1.558,3,2026-10-02,2026-10-02,
31,HungryBearDesigns,https://www.etsy.com/shop/HungryBearDesigns,HungryBearDesigns,accessories > patches &amp; appliques,121100,rounded,100,63.898,1.565,3,2026-10-02,2026-10-02,
32,ClinchCustoms,https://www.etsy.com/shop/ClinchCustoms,ClinchCustoms,accessories > patches &amp; appliques,33300,rounded,100,63.898,1.565,3,2026-10-02,2026-10-02,
33,TrulyNPressedPatches,https://www.etsy.com/shop/TrulyNPressedPatches,TrulyNPressedPatches,accessories > patches &amp; appliques,3600,rounded,100,63.452,1.576,3,2026-10-02,2026-10-02,
34,KateMcEnroeNYC,https://www.etsy.com/shop/KateMcEnroeNYC,KateMcEnroeNYC,accessories > umbrellas &amp; rain accessories,20600,rounded,100,63.211,1.582,3,2026-10-02,2026-10-02,
35,ThePeelLab,https://www.etsy.com/shop/ThePeelLab,ThePeelLab,accessories > patches &amp; appliques,27100,rounded,100,63.171,1.583,3,2026-10-02,2026-10-02,
36,MakeCustomPatches,https://www.etsy.com/shop/MakeCustomPatches,MakeCustomPatches,accessories > patches &amp; appliques,1400,rounded,100,63.171,1.583,3,2026-10-02,2026-10-02,
37,MamieBrocante,https://www.etsy.com/shop/MamieBrocante,MamieBrocante,accessories > umbrellas &amp; rain accessories,2800,rounded,100,62.461,1.601,3,2026-10-02,2026-10-02,
38,TheTextileTrunk,https://www.etsy.com/shop/TheTextileTrunk,TheTextileTrunk,accessories > umbrellas &amp; rain accessories,16700,rounded,100,62.189,1.608,3,2026-10-02,2026-10-02,
39,ArtsypartyDesign,https://www.etsy.com/shop/ArtsypartyDesign,ArtsypartyDesign,art &amp; collectibles > artist trading cards,53100,rounded,100,62.15,1.609,3,2026-10-02,2026-10-02,
40,MYOF,https://www.etsy.com/shop/MYOF,MYOF,art &amp; collectibles > artist trading cards,1300,rounded,100,62.15,1.609,3,2026-10-02,2026-10-02,
41,FurryDreamLab,https://www.etsy.com/shop/FurryDreamLab,FurryDreamLab,accessories > hand fans,1700,rounded,100,60.976,1.64,3,2026-10-02,2026-10-02,
42,BridalPort,https://www.etsy.com/shop/BridalPort,BridalPort,accessories > hand fans,4900,rounded,100,60.901,1.642,3,2026-10-02,2026-10-02,
43,GETMYFAN,https://www.etsy.com/shop/GETMYFAN,GETMYFAN,accessories > hand fans,24100,rounded,100,60.864,1.643,3,2026-10-02,2026-10-02,
44,shop7andco,https://www.etsy.com/shop/shop7andco,shop7andco,art &amp; collectibles > artist trading cards,2000,rounded,100,60.716,1.647,3,2026-10-02,2026-10-02,
45,WWDesignStudioGifts,https://www.etsy.com/shop/WWDesignStudioGifts,WWDesignStudioGifts,accessories > aprons,11200,rounded,100,60.533,1.652,3,2026-10-02,2026-10-02,
46,master393,https://www.etsy.com/shop/master393,master393,art &amp; collectibles > artist trading cards,30500,rounded,100,60.459,1.654,3,2026-10-02,2026-10-02,
47,LoveandLuxeHandmade,https://www.etsy.com/shop/LoveandLuxeHandmade,LoveandLuxeHandmade,accessories > hand fans,348300,rounded,100,60.386,1.656,3,2026-10-02,2026-10-02,
48,awwpstyle,https://www.etsy.com/shop/awwpstyle,awwpstyle,accessories > aprons,17500,rounded,100,60.314,1.658,3,2026-10-02,2026-10-02,
49,PLACE4PRINT,https://www.etsy.com/shop/PLACE4PRINT,PLACE4PRINT,accessories > aprons,17400,rounded,100,60.241,1.66,3,2026-10-02,2026-10-02,
50,NorthPondStudio,https://www.etsy.com/shop/NorthPondStudio,NorthPondStudio,accessories > aprons,7400,rounded,100,60.241,1.66,3,2026-10-02,2026-10-02,
